customer_id,first_name,last_name,email,phone,address,city,state,license_num,last_contact
1,David,Wagner,david.wagner@gmail.com,1547387057,3858 Charles Camp,Port Caroltown,NY,803483320,2025-03-18
2,Kim,Stephens,kim.stephens@gmail.com,9758049401,11584 Sullivan Rest Apt. 423,South Ericaland,WI,320753398,2025-03-18
3,Michael,Morrison,michael.morrison@gmail.com,3347553034,626 Arnold Mews,South Duane,GA,253017399,2025-03-18
4,Justin,Scott,justin.scott@gmail.com,3430940270,7163 Thomas Greens,South Laura,HI,376125646,2025-03-18
5,Tanner,Duran,tanner.duran@gmail.com,9611340696,244 Melody Throughway Apt. 245,New Annettechester,VT,542257203,2025-03-18
6,Luis,Flores,luis.flores@gmail.com,8372834402,329 Christie Run,Lake Dorothy,DC,782501071,2025-03-18
7,Kristen,Mcclain,kristen.mcclain@gmail.com,7338398349,17176 Alexandra Causeway,North Scott,HI,505430486,2025-03-18
8,Tara,Allen,tara.allen@gmail.com,5390772777,904 Johnson Hills,Kevinfurt,CA,562236015,2025-03-18
9,Scott,Scott,scott.scott@gmail.com,9122849581,615 Martinez Green Apt. 749,West Lucaschester,DC,692207722,2025-03-18
10,Elizabeth,Allen,elizabeth.allen@gmail.com,6221039208,703 Bryce Centers,Lake Kyle,AL,450376986,2025-03-18
11,Maria,Donaldson,maria.donaldson@gmail.com,8037624023,08632 Mullins Mission,Alexanderhaven,ME,267008644,2025-03-18
12,Keith,Raymond,keith.raymond@gmail.com,2171645264,246 Phelps Highway,Marissachester,SC,846780723,2025-03-18
13,Jessica,Harvey,jessica.harvey@gmail.com,8201088191,06833 Jennifer Lake Suite 461,Pughfort,ME,544092005,2025-03-18
14,Maurice,Lawson,maurice.lawson@gmail.com,5514995135,8409 Randy Parkway Apt. 511,Davidton,AK,224667038,2025-03-18
15,Hannah,Snyder,hannah.snyder@gmail.com,4975281920,089 Heather Dam Suite 831,Caseyburgh,WI,612039118,2025-03-18
16,John,Young,john.young@gmail.com,8020093025,2406 David Haven Apt. 403,Matthewbury,ME,359204094,2025-03-18
17,James,Castro,james.castro@gmail.com,7849307170,182 Davis Crest,New Donnabury,NM,222796560,2025-03-18
18,Wendy,Warren,wendy.warren@gmail.com,8214729111,4331 Shawn Roads Apt. 908,New Lauraberg,VT,880143297,2025-03-18
19,Gary,Richard,gary.richard@gmail.com,2501766283,10279 Christopher Gardens,Carolmouth,AK,656161352,2025-03-18
20,Rebecca,Moody,rebecca.moody@gmail.com,9859750026,9077 Kane Station Apt. 891,Carrolltown,OR,943222012,2025-03-18
21,Brittney,Conner,brittney.conner@gmail.com,7900569131,034 Melvin Roads,East Johntown,OH,720310369,2025-03-18
22,Timothy,Clayton,timothy.clayton@gmail.com,8782960954,1498 Nicole Estate Apt. 659,Douglasland,NY,990035370,2025-03-18
23,Kerry,Lucero,kerry.lucero@gmail.com,3336761454,68706 Christopher Divide Suite 092,West Heather,MO,290715875,2025-03-18
24,Kayla,Marshall,kayla.marshall@gmail.com,1556291304,56105 Joseph Street Suite 622,New Luke,AK,431222600,2025-03-18
25,Russell,Brown,russell.brown@gmail.com,9282783138,1233 Vickie Ranch,Port Brent,CT,827462230,2025-03-18
26,Kaitlyn,Williams,kaitlyn.williams@gmail.com,3698360225,6790 Smith Ferry,Thompsonshire,SC,566808151,2025-03-18
27,Michael,Wiggins,michael.wiggins@gmail.com,1500918209,006 Michael Locks,Davidberg,AK,363913213,2025-03-18
28,Robert,Jones,robert.jones@gmail.com,5004993762,98576 Melinda Way,New Mary,NE,466970840,2025-03-18
29,Richard,Williams,richard.williams@gmail.com,2646136438,322 Wendy Greens,Meganland,CO,251448518,2025-03-18
30,William,Stewart,william.stewart@gmail.com,1310206935,80900 Walters Plains,South Sarahberg,WA,365179221,2025-03-18
31,Phillip,Mendoza,phillip.mendoza@gmail.com,7229417045,18437 Roberson Neck Suite 962,New Matthewton,DC,703375441,2025-03-18
32,Cody,Owen,cody.owen@gmail.com,6809758823,761 Troy Street,East Ricky,IL,107886765,2025-03-18
33,Jason,Mcclain,jason.mcclain@gmail.com,1540346677,7126 Miller Knolls,Lake Courtneyfort,WA,281491420,2025-03-18
34,Elizabeth,Watson,elizabeth.watson@gmail.com,5651824339,321 Davis Garden Suite 546,Cannonbury,SC,560390754,2025-03-18
35,Andrew,Whitaker,andrew.whitaker@gmail.com,2519974241,5904 Rachel Centers,Smithtown,MD,855388095,2025-03-18
36,Jaime,King,jaime.king@gmail.com,7778008752,125 Morgan Shoal,Deanside,OK,302323932,2025-03-18
37,Erica,Jones,erica.jones@gmail.com,5994009349,00541 Amanda Mall,North Nancytown,OK,591670362,2025-03-18
38,Kim,Jenkins,kim.jenkins@gmail.com,5879904997,563 Reyes Falls Apt. 540,Thompsonberg,FL,149154170,2025-03-18
39,Shane,Wilson,shane.wilson@gmail.com,6349431713,659 Hernandez Land,Burnettfort,OR,293630453,2025-03-18
40,Sarah,Gay,sarah.gay@gmail.com,1776149831,4845 Moore Village Apt. 365,Port Paulaside,ND,462252278,2025-03-18
41,Christine,Harding,christine.harding@gmail.com,1887796621,89228 Hayes Springs,Danielport,UT,507560102,2025-03-18
42,Shelby,Perez,shelby.perez@gmail.com,2554578590,61722 Ballard Mills Suite 917,East Angelaborough,AR,971030808,2025-03-18
43,Amber,Rowe,amber.rowe@gmail.com,6721293340,8861 Linda Divide Apt. 090,Lake Barbarachester,MO,771161401,2025-03-18
44,Caitlin,Schaefer,caitlin.schaefer@gmail.com,5322215502,65928 Frederick Run,Simmonsborough,GA,180916362,2025-03-18
45,Jeffrey,Mendez,jeffrey.mendez@gmail.com,3238075616,0734 Allen Tunnel Apt. 484,Taraport,WY,899780621,2025-03-18
46,Elizabeth,Sellers,elizabeth.sellers@gmail.com,3931870278,5592 James Center Suite 063,Port Jessica,DE,727830011,2025-03-18
47,Melinda,Hebert,melinda.hebert@gmail.com,3621334773,236 Tiffany Stravenue,South Cheryl,WY,104665495,2025-03-18
48,Kathryn,Rodriguez,kathryn.rodriguez@gmail.com,3780693558,7727 Kathleen Landing,Brandonshire,LA,166701024,2025-03-18
49,Ronald,Ayala,ronald.ayala@gmail.com,2304599194,96156 Mcclure Village Apt. 630,Matthewton,MS,645957597,2025-03-18
50,Norman,Reed,norman.reed@gmail.com,4265623100,025 Clark Via,Christyside,ID,513312751,2025-03-18
51,Rebekah,Humphrey,rebekah.humphrey@gmail.com,2183298589,4956 Reed River,North Shannonmouth,NM,153498174,2025-03-18
52,Jonathan,Austin,jonathan.austin@gmail.com,1570382220,1921 Matthew Alley,Karlamouth,WV,450350872,2025-03-18
53,Michelle,Glover,michelle.glover@gmail.com,8566791488,17765 Kelly Roads Apt. 444,Jeffhaven,WV,443606398,2025-03-18
54,Rebecca,Caldwell,rebecca.caldwell@gmail.com,2323446723,401 Scott Mount,Warnerport,GA,767995769,2025-03-18
55,Tracy,Hooper,tracy.hooper@gmail.com,3664702751,820 Casey Walks,Andersonville,MS,833590877,2025-03-18
56,Matthew,Rodriguez,matthew.rodriguez@gmail.com,2046986550,70862 Devon Shoals Apt. 282,New Justin,AZ,424169891,2025-03-18
57,Robert,Dean,robert.dean@gmail.com,1392915205,53944 Joseph Canyon Apt. 229,New Faith,NM,393711550,2025-03-18
58,Jackson,Lopez,jackson.lopez@gmail.com,7145070926,2701 John Fords Apt. 333,Josephbury,WY,984960820,2025-03-18
59,Peter,Harris,peter.harris@gmail.com,7242271204,6282 Long Corners,Richardsonfurt,SD,706856941,2025-03-18
60,Christopher,Martinez,christopher.martinez@gmail.com,7880990642,7950 Daniel Cape,Thomasshire,CO,647822749,2025-03-18
61,Victoria,Baker,victoria.baker@gmail.com,9519678767,53389 Zachary Squares Suite 148,Andrewsmouth,IA,195680074,2025-03-18
62,Sarah,Gutierrez,sarah.gutierrez@gmail.com,5756497342,579 Douglas Inlet,Shawnmouth,IN,832776654,2025-03-18
63,Daniel,Riley,daniel.riley@gmail.com,3881724215,155 Dunn Highway Apt. 279,New Joshua,MT,114055483,2025-03-18
64,Melinda,Gutierrez,melinda.gutierrez@gmail.com,5450093730,4752 Bryce Drive Suite 939,Kellyhaven,SC,746099329,2025-03-18
65,Bonnie,Gonzalez,bonnie.gonzalez@gmail.com,2168077763,734 Mark Plains Suite 522,Hillmouth,MN,758589806,2025-03-18
66,Annette,Preston,annette.preston@gmail.com,5503749825,1216 Leslie Park,Michaeltown,MD,185045936,2025-03-18
67,Tyler,Garcia,tyler.garcia@gmail.com,1866422609,50845 Simmons Plaza Suite 346,Lake Miguelberg,NV,704697174,2025-03-18
68,Lisa,Christensen,lisa.christensen@gmail.com,5376301598,1941 Meyer Extension Apt. 022,New Lorraineshire,NM,819420504,2025-03-18
69,Robert,Morgan,robert.morgan@gmail.com,9956654776,3912 James Tunnel,Valerieburgh,MI,914533306,2025-03-18
70,Joseph,Kim,joseph.kim@gmail.com,6909810153,8650 Thomas Drive Suite 944,Johnsonborough,NY,163534056,2025-03-18
71,Ann,Garza,ann.garza@gmail.com,4407280777,148 Daniel Greens,Cartershire,KS,137864265,2025-03-18
72,Eric,Nunez,eric.nunez@gmail.com,2047299446,74548 Terrell Turnpike,West Jade,AK,101016384,2025-03-18
73,Mary,Bailey,mary.bailey@gmail.com,6628864341,26180 Jensen Freeway,Walkerstad,NH,948269124,2025-03-18
74,Dustin,Rice,dustin.rice@gmail.com,9319301605,6509 Stephen Extensions,Fernandezview,KS,528933686,2025-03-18
75,Michael,Rodriguez,michael.rodriguez@gmail.com,5645357768,99217 Ashley Corners Suite 047,Natashafurt,NV,282792198,2025-03-18
76,David,Yates,david.yates@gmail.com,8581987823,884 Griffith Loaf,Angelatown,HI,985068599,2025-03-18
77,Heidi,Owens,heidi.owens@gmail.com,3035013114,991 Johnson Walk,North Jenniferfort,MI,992781318,2025-03-18
78,Kathleen,Rogers,kathleen.rogers@gmail.com,5106152352,018 Bruce Vista Suite 909,South Dorisland,MN,218904498,2025-03-18
79,Sandra,Holt,sandra.holt@gmail.com,4673073230,48779 Patricia Parks Apt. 618,Amyburgh,WA,677570080,2025-03-18
80,Gregory,Garza,gregory.garza@gmail.com,9386809446,041 Patrick Junction Suite 332,Alanport,LA,815512210,2025-03-18
81,Nicole,Cole,nicole.cole@gmail.com,7459904606,842 Patrick Islands,New Michelle,AZ,335542764,2025-03-18
82,Donald,Romero,donald.romero@gmail.com,6657994433,3989 Cummings Walk Suite 001,New Amandachester,NE,964280773,2025-03-18
83,Brittany,Huang,brittany.huang@gmail.com,3122561865,0379 James Cove Apt. 102,Port Collin,NJ,507705134,2025-03-18
84,Craig,Walters,craig.walters@gmail.com,6309222767,7215 Stephanie Drive,East Alexander,HI,518498447,2025-03-18
85,Scott,Williams,scott.williams@gmail.com,7746506742,65451 Nathan Track Apt. 120,New Alexisside,MD,919752275,2025-03-18
86,Eric,Hudson,eric.hudson@gmail.com,6599194470,45179 Jodi Run Apt. 349,Mikeport,KS,822038201,2025-03-18
87,Jorge,Greene,jorge.greene@gmail.com,1630855758,188 Burnett Villages,Port Tamara,TN,639801331,2025-03-18
88,Dawn,Wilson,dawn.wilson@gmail.com,2467993943,4947 Anderson Via,East Darren,MI,358452551,2025-03-18
89,Alan,Glass,alan.glass@gmail.com,1325445046,105 Brewer Glens Apt. 731,Lake Sandraton,DC,800701187,2025-03-18
90,Margaret,Stone,margaret.stone@gmail.com,3110153745,3052 Carlson Centers Apt. 156,Franciscoport,IL,825816786,2025-03-18
91,Luis,Rodriguez,luis.rodriguez@gmail.com,5066429511,4453 Jesus Unions,Williamsbury,IN,762301080,2025-03-18
92,Wayne,Page,wayne.page@gmail.com,6806811728,16689 Higgins Courts,Lake Michael,KY,437368681,2025-03-18
93,Tricia,Heath,tricia.heath@gmail.com,7624649848,53827 Dougherty Grove,New Alecfurt,NM,664815362,2025-03-18
94,Alicia,Kirby,alicia.kirby@gmail.com,4727798190,97842 Jesse Plains,Lake Curtischester,DE,858528862,2025-03-18
95,Michael,Simon,michael.simon@gmail.com,7035473715,369 William Forks Suite 526,Chadhaven,NH,734094996,2025-03-18
96,Tiffany,Fowler,tiffany.fowler@gmail.com,1695724417,98929 Brown Springs,Leblancmouth,OR,120306252,2025-03-18
97,Holly,Martin,holly.martin@gmail.com,1416617361,11611 Lee Light,West Robertmouth,GA,717373123,2025-03-18
98,Susan,Ochoa,susan.ochoa@gmail.com,9721498391,78578 John Loop,Stevefort,VA,667972835,2025-03-18
99,William,Gutierrez,william.gutierrez@gmail.com,2464082779,731 Lee Isle,Andrewbury,HI,535283890,2025-03-18
100,Mark,Hernandez,mark.hernandez@gmail.com,9381720307,715 Gina Manors Suite 124,Robinsonfort,OH,950175979,2025-03-18
101,Jonathan,Young,jonathan.young@gmail.com,1459426140,83919 Megan Trafficway,Teresafurt,DC,360146391,2025-03-18
102,Jeffrey,Weaver,jeffrey.weaver@gmail.com,9670486899,456 David Land Apt. 202,Crystalmouth,KY,877272839,2025-03-18
103,Michelle,Martin,michelle.martin@gmail.com,5437174602,7665 Abigail Wall,Chanmouth,PA,235718717,2025-03-18
104,Ryan,Jennings,ryan.jennings@gmail.com,1133898992,806 Melissa Squares,East Angelaburgh,KS,331756400,2025-03-18
105,Tonya,Williams,tonya.williams@gmail.com,1278008599,6090 Hicks Key,South Brianburgh,IA,527588507,2025-03-18
106,Jeremy,Garner,jeremy.garner@gmail.com,4266598956,3226 Karen Rest,Butlerchester,IL,975212744,2025-03-18
107,Michael,Lynch,michael.lynch@gmail.com,4207807186,7424 Joseph Flat Suite 688,North Cynthiaton,MD,358139327,2025-03-18
108,Angela,Smith,angela.smith@gmail.com,8645360871,299 Davis Glen,Leefurt,KS,504924272,2025-03-18
109,Kathryn,Nichols,kathryn.nichols@gmail.com,3777571758,1958 Cummings Inlet Apt. 523,Devinside,AR,465471121,2025-03-18
110,Matthew,Brown,matthew.brown@gmail.com,6122163387,697 Burch Isle Suite 010,Kristinaville,NV,511846840,2025-03-18
111,Clinton,Dennis,clinton.dennis@gmail.com,1214558338,841 King Corners,North Chelseaside,VA,134192079,2025-03-18
112,Brandon,Bailey,brandon.bailey@gmail.com,9200248088,3177 Lindsey Gateway,Michaelport,DC,508937330,2025-03-18
113,Maria,Campbell,maria.campbell@gmail.com,8071482294,94269 Lopez Glen,Lisaville,MT,707284935,2025-03-18
114,Heather,Scott,heather.scott@gmail.com,1676803467,01135 Thomas Expressway,East Melanieton,GA,457893397,2025-03-18
115,Tiffany,Tucker,tiffany.tucker@gmail.com,1402804717,649 Sandy Island,Mauricemouth,MD,780703104,2025-03-18
116,Taylor,Ramos,taylor.ramos@gmail.com,7599919936,01679 Ryan Burg,New Tiffany,KS,813997012,2025-03-18
117,Vincent,Smith,vincent.smith@gmail.com,9702964523,701 Larry Key,Klineport,MI,384848864,2025-03-18
118,Joseph,Fisher,joseph.fisher@gmail.com,7646564715,183 Christopher Forest,Adamsview,MT,165558906,2025-03-18
119,Jennifer,Mcdonald,jennifer.mcdonald@gmail.com,3911210050,837 Rodriguez Manor,Port Michael,KS,780637391,2025-03-18
120,Crystal,Guzman,crystal.guzman@gmail.com,5754703116,3760 Rubio Land,Robinsontown,IN,109243187,2025-03-18
121,Michael,Curry,michael.curry@gmail.com,4835086567,1564 Griffin Point,Davidsonshire,LA,250337266,2025-03-18
122,David,Taylor,david.taylor@gmail.com,1675110501,991 Elizabeth Parks,Lake James,DE,216859822,2025-03-18
123,Jeffrey,Morris,jeffrey.morris@gmail.com,4242385308,2620 Ronnie Extension,North Misty,AL,918724696,2025-03-18
124,Elizabeth,Blair,elizabeth.blair@gmail.com,7763003348,40668 Williams Motorway Suite 188,New Monicaland,TN,461657277,2025-03-18
125,Kaylee,Jones,kaylee.jones@gmail.com,2766431657,01018 Laura Corner Suite 887,Matthewtown,TX,816938857,2025-03-18
126,Amber,Calderon,amber.calderon@gmail.com,3803202753,870 Jimenez Gardens Apt. 629,Lake Stephanieport,ID,921913804,2025-03-18
127,Olivia,Cooper,olivia.cooper@gmail.com,2669666904,46365 Tyler Dam,Danaton,MA,190223809,2025-03-18
128,Shawn,Guerra,shawn.guerra@gmail.com,6597632420,0136 Eric Divide,Nancyside,VT,547864065,2025-03-18
129,Samuel,Hall,samuel.hall@gmail.com,4504518895,65065 Robin Way Suite 541,East Manueltown,LA,380419035,2025-03-18
130,Angela,Patrick,angela.patrick@gmail.com,2584987650,0808 Terrell Extensions,West Danielmouth,OH,569173936,2025-03-18
131,David,Valenzuela,david.valenzuela@gmail.com,6559732131,119 Marquez Coves Apt. 581,South Brittney,VT,952166535,2025-03-18
132,Rachel,Johnson,rachel.johnson@gmail.com,3324682866,4059 Kyle Oval Suite 274,Hoganburgh,NV,944436058,2025-03-18
133,Leslie,Chaney,leslie.chaney@gmail.com,7414084215,42956 Frank Club Suite 264,Johnview,AR,869482652,2025-03-18
134,Kimberly,Fitzpatrick,kimberly.fitzpatrick@gmail.com,6654793099,9335 Cheryl Fall,Petersonshire,AL,369357309,2025-03-18
135,Theresa,Lam,theresa.lam@gmail.com,6847005163,997 Meza Squares Apt. 082,South Christinamouth,MI,632929956,2025-03-18
136,Dorothy,Robinson,dorothy.robinson@gmail.com,2887546245,554 Thomas Orchard,Josephbury,NJ,585753042,2025-03-18
137,Monica,Singleton,monica.singleton@gmail.com,1609498932,3319 Carr Extension,Port Brenda,HI,873048957,2025-03-18
138,Amy,Williams,amy.williams@gmail.com,1198284813,6929 Johnson Burg Apt. 561,Christopherchester,CT,906938683,2025-03-18
139,Summer,Rodriguez,summer.rodriguez@gmail.com,7461247506,478 Grant Circles Apt. 680,Collinston,NM,555944202,2025-03-18
140,Ryan,Byrd,ryan.byrd@gmail.com,4318938982,5856 Alexander Bridge Suite 054,Markstad,NJ,145246784,2025-03-18
141,Holly,Anderson,holly.anderson@gmail.com,1995824520,01468 Jacqueline Ville,Matthewport,MN,476412971,2025-03-18
142,Jack,Hill,jack.hill@gmail.com,1811679194,148 Eric Port,New Carlfurt,ID,352892436,2025-03-18
143,Nancy,Ortiz,nancy.ortiz@gmail.com,2587373514,5481 Dawson Brook Suite 268,East Robertside,NY,183351532,2025-03-18
144,Christopher,Rasmussen,christopher.rasmussen@gmail.com,4679833149,34443 Lee Port Suite 455,Joannachester,OK,555830661,2025-03-18
145,Ryan,Baker,ryan.baker@gmail.com,7551763408,43226 Rubio Isle,Port Terrance,ND,148664913,2025-03-18
146,Andrea,Bailey,andrea.bailey@gmail.com,5918028774,94826 Torres Via,New Madisonborough,AR,606414828,2025-03-18
147,April,Malone,april.malone@gmail.com,7960913298,49721 Smith Field Suite 230,South Stephanie,MI,929878403,2025-03-18
148,Stephanie,Maxwell,stephanie.maxwell@gmail.com,7246292859,650 Terri Stravenue,Jamesville,VT,493027517,2025-03-18
149,Travis,Black,travis.black@gmail.com,7664743901,506 Grant Lake,Gomezburgh,CO,347223026,2025-03-18
150,Michael,Martin,michael.martin@gmail.com,2401395980,6297 Andrews Trafficway,Peterville,NH,266013575,2025-03-18
151,John,Hall,john.hall@gmail.com,5777915302,4584 Roman Loop Suite 642,North Vanessa,PA,659694579,2025-03-18
152,Jack,Gomez,jack.gomez@gmail.com,1363882581,057 Hancock Lights,South Tinastad,IA,245568355,2025-03-18
153,Lori,Ayala,lori.ayala@gmail.com,5964410042,2196 Lawson Bypass Suite 074,Lake Rodney,DC,130731852,2025-03-18
154,Jordan,Horne,jordan.horne@gmail.com,9559062294,2845 Tracy Fall Suite 712,South Carrie,OK,694244707,2025-03-18
155,Ralph,Carter,ralph.carter@gmail.com,3588703164,43977 Pamela Loop,Anaville,SC,155791135,2025-03-18
156,Angela,Good,angela.good@gmail.com,4066083835,46954 Johnson Inlet,Traviston,CA,876635094,2025-03-18
157,Jose,Smith,jose.smith@gmail.com,6018634699,192 Rodgers Club,North Kelly,NJ,899205993,2025-03-18
158,Ronnie,Smith,ronnie.smith@gmail.com,2368582346,23439 Alan Village,South Christopher,AZ,863927442,2025-03-18
159,Christine,Floyd,christine.floyd@gmail.com,2495770585,015 Velazquez Lane Apt. 357,Davismouth,OH,907316904,2025-03-18
160,George,Perez,george.perez@gmail.com,3947023086,83986 David Grove Apt. 004,Powellchester,AK,213835061,2025-03-18
161,Steven,Rogers,steven.rogers@gmail.com,3637816008,458 Alicia Course Apt. 575,Wagnerborough,IL,268051870,2025-03-18
162,Bryan,Miller,bryan.miller@gmail.com,9697479378,5763 Foster Point Apt. 411,Taylorside,MI,139898450,2025-03-18
163,Katherine,Coleman,katherine.coleman@gmail.com,2684673186,3210 Powell Squares,North Melissa,GA,749118593,2025-03-18
164,Alexis,Robinson,alexis.robinson@gmail.com,9403836316,2689 Powell Fields Apt. 592,West Jamesside,VT,574768167,2025-03-18
165,Shawn,Jackson,shawn.jackson@gmail.com,7816738443,53076 Brittany Mills Suite 863,New Marissa,IN,916429199,2025-03-18
166,Clinton,Flores,clinton.flores@gmail.com,1184772630,85125 Adam Parkway,Lake Tamara,MA,396800252,2025-03-18
167,Jose,Howard,jose.howard@gmail.com,8038898985,798 Davis Hollow,Grossland,MS,546491272,2025-03-18
168,Alvin,Alvarez,alvin.alvarez@gmail.com,9808408778,496 Melanie Heights Suite 487,Haysburgh,MO,371779354,2025-03-18
169,Jeffrey,Meyer,jeffrey.meyer@gmail.com,2152129179,84549 Gary Walk Apt. 928,Jordanport,NV,217668576,2025-03-18
170,Jacqueline,Bradley,jacqueline.bradley@gmail.com,1580255976,998 Long Meadows,Sarahberg,CA,582567608,2025-03-18
171,Michelle,Moore,michelle.moore@gmail.com,1324071532,78874 Drake Springs,Webstershire,DC,759720541,2025-03-18
172,Carl,Patton,carl.patton@gmail.com,6016522351,370 Brianna Hill Suite 321,Lake Mark,NE,779154454,2025-03-18
173,Kenneth,Lutz,kenneth.lutz@gmail.com,6685470151,693 James Greens,Robertoport,NE,396495247,2025-03-18
174,Calvin,Lowery,calvin.lowery@gmail.com,6555745993,59092 Knight View Suite 123,Kellymouth,NC,300555460,2025-03-18
175,David,Tran,david.tran@gmail.com,6236290960,217 Melissa Path Suite 327,East Jennifermouth,AZ,552002784,2025-03-18
176,Jerome,Bryant,jerome.bryant@gmail.com,3628202109,8366 Frank Crescent,South Nichole,HI,843622100,2025-03-18
177,Larry,Morales,larry.morales@gmail.com,9382116577,8633 Alyssa Knoll,South Meganside,LA,439566191,2025-03-18
178,Patrick,Brooks,patrick.brooks@gmail.com,7918590711,857 Eric Forest Suite 014,East Kylehaven,HI,128713018,2025-03-18
179,Ryan,Garcia,ryan.garcia@gmail.com,6647863833,324 Huynh Port,Maystad,DE,707875513,2025-03-18
180,Sylvia,Mcintosh,sylvia.mcintosh@gmail.com,9838853198,17186 Christine Summit Suite 773,Port Derrick,OR,680433026,2025-03-18
181,Calvin,Rios,calvin.rios@gmail.com,8771305745,8116 Billy Knoll Suite 400,Matthewshire,OK,770208791,2025-03-18
182,Sheila,Morales,sheila.morales@gmail.com,7969426129,7971 Ortiz Mount Suite 074,Williamstown,KS,884685962,2025-03-18
183,Timothy,Singh,timothy.singh@gmail.com,4187518364,1980 Haynes Roads Apt. 579,West Jonathanstad,VT,827590452,2025-03-18
184,Meghan,Lewis,meghan.lewis@gmail.com,2117769173,71826 Daniel River Apt. 612,Hillmouth,SD,610213795,2025-03-18
185,Nicholas,Knapp,nicholas.knapp@gmail.com,6393266551,1351 Houston Ports,Ronaldton,NM,362680163,2025-03-18
186,Gregory,Woodward,gregory.woodward@gmail.com,9335361307,117 Jennifer Field,West Mary,NC,752343092,2025-03-18
187,Veronica,Espinoza,veronica.espinoza@gmail.com,7522582083,84149 Smith Terrace,Cookville,AK,408063781,2025-03-18
188,Alexis,Callahan,alexis.callahan@gmail.com,7820461103,7111 Moore Highway,North Georgeland,IN,849298548,2025-03-18
189,Kristin,Gray,kristin.gray@gmail.com,3462737820,6658 Chavez Tunnel Apt. 452,North Michaelborough,OR,241835014,2025-03-18
190,Kristi,Lewis,kristi.lewis@gmail.com,5157165565,9880 Harrell Land,Port Alexland,AR,104518902,2025-03-18
191,Joseph,Costa,joseph.costa@gmail.com,9135262028,208 Singh Stream Apt. 407,Kellyfurt,VA,967603348,2025-03-18
192,Paula,Wade,paula.wade@gmail.com,1257035437,41414 Wolf Mission Suite 110,Greenborough,IN,698457344,2025-03-18
193,Bridget,Smith,bridget.smith@gmail.com,6217790386,0011 Sherry Field,Lake Mitchellbury,KS,824822330,2025-03-18
194,Sandra,Gibbs,sandra.gibbs@gmail.com,9928805175,0635 Michael Lakes Apt. 020,East John,NV,237875232,2025-03-18
195,Ashley,White,ashley.white@gmail.com,2040090017,783 Arnold Route,Michaelfurt,NE,368593878,2025-03-18
196,Zachary,Jones,zachary.jones@gmail.com,8755080769,7673 Richard Locks Apt. 728,Danaside,AZ,592677718,2025-03-18
197,Karen,Jones,karen.jones@gmail.com,2508079753,0714 Webb Extensions Suite 250,New Charles,SD,578854056,2025-03-18
198,Joshua,Shepard,joshua.shepard@gmail.com,5177836594,54863 Richardson Viaduct Apt. 761,East Matthew,NE,354731274,2025-03-18
199,Tyler,Vance,tyler.vance@gmail.com,1630462628,910 Michael Spring,Lake Justin,CO,311217096,2025-03-18
200,Matthew,Thornton,matthew.thornton@gmail.com,3192527530,7315 Diaz Pass,Bartlettfort,WY,605598478,2025-03-18
